<?xml version="1.0" encoding="utf-8"?>
<admin_navigation>
  <admin_navigation_entry navigation_id="activitySummary" parent_navigation_id="communication" display_order="200" link="activity-summary" admin_permission_id="activitySummary" debug_only="0" development_only="0" hide_no_children="0"/>
  <admin_navigation_entry navigation_id="activitySummaryDefinitions" parent_navigation_id="development" display_order="400" link="activity-summary/definitions/" admin_permission_id="activitySummary" debug_only="0" development_only="0" hide_no_children="0"/>
  <admin_navigation_entry navigation_id="addOns" display_order="200" link="add-ons" icon="fa-puzzle-piece" debug_only="0" development_only="0" hide_no_children="1"/>
  <admin_navigation_entry navigation_id="adminLog" parent_navigation_id="logsUser" display_order="400" link="logs/admin" admin_permission_id="viewLogs" debug_only="0" development_only="0" hide_no_children="0"/>
  <admin_navigation_entry navigation_id="adminNavigation" parent_navigation_id="devNavigation" display_order="600" link="admin-navigation" debug_only="0" development_only="1" hide_no_children="0"/>
  <admin_navigation_entry navigation_id="adminPermissions" parent_navigation_id="devPermissions" display_order="1200" link="admin-permissions" debug_only="0" development_only="1" hide_no_children="0"/>
  <admin_navigation_entry navigation_id="admins" parent_navigation_id="usersStaff" display_order="600" link="admins" admin_permission_id="user" debug_only="0" development_only="0" hide_no_children="0"/>
  <admin_navigation_entry navigation_id="advertising" parent_navigation_id="setup" display_order="300" link="advertising" admin_permission_id="advertising" debug_only="0" development_only="0" hide_no_children="0"/>
  <admin_navigation_entry navigation_id="advertisingPositions" parent_navigation_id="development" display_order="100" link="advertising/positions/" admin_permission_id="advertising" debug_only="0" development_only="1" hide_no_children="0"/>
  <admin_navigation_entry navigation_id="alertUsers" parent_navigation_id="contactUsers" display_order="100" link="users/alert" admin_permission_id="user" debug_only="0" development_only="0" hide_no_children="0"/>
  <admin_navigation_entry navigation_id="analyzePermissions" parent_navigation_id="permissions" display_order="10000" link="permissions/analyze" admin_permission_id="user" debug_only="0" development_only="0" hide_no_children="0"/>
  <admin_navigation_entry navigation_id="apiKeys" parent_navigation_id="serviceProviders" display_order="500" link="api-keys" admin_permission_id="user" debug_only="0" development_only="0" hide_no_children="0"/>
  <admin_navigation_entry navigation_id="apiScopes" parent_navigation_id="devPermissions" display_order="1100" link="api-scopes" debug_only="0" development_only="1" hide_no_children="0"/>
  <admin_navigation_entry navigation_id="appearance" display_order="12000" link="appearance" icon="fa-image" debug_only="0" development_only="0" hide_no_children="1"/>
  <admin_navigation_entry navigation_id="attachments" parent_navigation_id="content" display_order="200" link="attachments" admin_permission_id="attachment" debug_only="0" development_only="0" hide_no_children="0"/>
  <admin_navigation_entry navigation_id="bannedEmails" parent_navigation_id="userDiscipline" display_order="300" link="banning/emails" admin_permission_id="ban" debug_only="0" development_only="0" hide_no_children="0"/>
  <admin_navigation_entry navigation_id="bannedIps" parent_navigation_id="userDiscipline" display_order="400" link="banning/ips" admin_permission_id="ban" debug_only="0" development_only="0" hide_no_children="0"/>
  <admin_navigation_entry navigation_id="bannedUsers" parent_navigation_id="userDiscipline" display_order="200" link="banning/users" admin_permission_id="ban" debug_only="0" development_only="0" hide_no_children="0"/>
  <admin_navigation_entry navigation_id="batchUpdateThreads" parent_navigation_id="threadContent" display_order="200" link="threads/batch-update" admin_permission_id="thread" debug_only="0" development_only="0" hide_no_children="0"/>
  <admin_navigation_entry navigation_id="batchUpdateUsers" parent_navigation_id="users" display_order="400" link="users/batch-update" admin_permission_id="user" debug_only="0" development_only="0" hide_no_children="0"/>
  <admin_navigation_entry navigation_id="bbCode" parent_navigation_id="content" display_order="1000" icon="fa-code" admin_permission_id="bbCodeSmilie" debug_only="0" development_only="0" hide_no_children="1"/>
  <admin_navigation_entry navigation_id="bbCodeButtonManager" parent_navigation_id="bbCode" display_order="100" link="button-manager" admin_permission_id="bbCodeSmilie" debug_only="0" development_only="0" hide_no_children="0"/>
  <admin_navigation_entry navigation_id="bbCodeMediaSites" parent_navigation_id="bbCode" display_order="300" link="bb-code-media-sites" admin_permission_id="bbCodeSmilie" debug_only="0" development_only="0" hide_no_children="0"/>
  <admin_navigation_entry navigation_id="checksAndTests" parent_navigation_id="tools" display_order="300" icon="fa-thermometer-half" debug_only="0" development_only="0" hide_no_children="1"/>
  <admin_navigation_entry navigation_id="classExtensions" parent_navigation_id="executionManipulation" display_order="200" link="class-extensions" debug_only="0" development_only="1" hide_no_children="0"/>
  <admin_navigation_entry navigation_id="codeEventListeners" parent_navigation_id="executionManipulation" display_order="300" link="code-events/listeners" debug_only="0" development_only="1" hide_no_children="0"/>
  <admin_navigation_entry navigation_id="codeEvents" parent_navigation_id="executionManipulation" display_order="400" link="code-events" debug_only="0" development_only="1" hide_no_children="0"/>
  <admin_navigation_entry navigation_id="communication" display_order="9999" link="communication" icon="fa-bullhorn" debug_only="0" development_only="0" hide_no_children="1"/>
  <admin_navigation_entry navigation_id="connectedAccountProviders" parent_navigation_id="serviceProviders" display_order="300" link="connected-accounts" admin_permission_id="user" debug_only="0" development_only="0" hide_no_children="0"/>
  <admin_navigation_entry navigation_id="contactUsers" parent_navigation_id="communication" display_order="1000" icon="fa-paper-plane" debug_only="0" development_only="0" hide_no_children="1"/>
  <admin_navigation_entry navigation_id="content" display_order="300" link="content" icon="fa-newspaper" debug_only="0" development_only="0" hide_no_children="1"/>
  <admin_navigation_entry navigation_id="contentTypes" parent_navigation_id="executionManipulation" display_order="100" link="content-types" debug_only="0" development_only="1" hide_no_children="0"/>
  <admin_navigation_entry navigation_id="cookieConsentLog" parent_navigation_id="logsUser" display_order="220" link="logs/cookie-consent" admin_permission_id="viewLogs" debug_only="0" development_only="0" hide_no_children="0"/>
  <admin_navigation_entry navigation_id="createNewUser" parent_navigation_id="users" display_order="300" link="users/add" admin_permission_id="user" debug_only="0" development_only="0" hide_no_children="0"/>
  <admin_navigation_entry navigation_id="cronEntries" parent_navigation_id="tools" display_order="100" link="cron" admin_permission_id="cron" debug_only="0" development_only="0" hide_no_children="0"/>
  <admin_navigation_entry navigation_id="customBbCodes" parent_navigation_id="bbCode" display_order="200" link="bb-codes" admin_permission_id="bbCodeSmilie" debug_only="0" development_only="0" hide_no_children="0"/>
  <admin_navigation_entry navigation_id="dataMaintenance" parent_navigation_id="tools" display_order="400" icon="fa-medkit" debug_only="0" development_only="0" hide_no_children="1"/>
  <admin_navigation_entry navigation_id="dataPortability" parent_navigation_id="users" display_order="1000" admin_permission_id="user" debug_only="0" development_only="0" hide_no_children="0"/>
  <admin_navigation_entry navigation_id="dataPortabilityExport" parent_navigation_id="dataPortability" display_order="100" link="data-portability/export" debug_only="0" development_only="0" hide_no_children="0"/>
  <admin_navigation_entry navigation_id="dataPortabilityImport" parent_navigation_id="dataPortability" display_order="200" link="data-portability/import" debug_only="0" development_only="0" hide_no_children="0"/>
  <admin_navigation_entry navigation_id="devNavigation" parent_navigation_id="development" display_order="2000" icon="fa-map" debug_only="0" development_only="0" hide_no_children="0"/>
  <admin_navigation_entry navigation_id="devPermissions" parent_navigation_id="development" display_order="1000" icon="fa-ban" debug_only="0" development_only="0" hide_no_children="0"/>
  <admin_navigation_entry navigation_id="development" display_order="20000" link="development" icon="fa-file-code" debug_only="0" development_only="1" hide_no_children="1"/>
  <admin_navigation_entry navigation_id="discouragedIps" parent_navigation_id="userDiscipline" display_order="500" link="banning/discouraged-ips" admin_permission_id="ban" debug_only="0" development_only="0" hide_no_children="0"/>
  <admin_navigation_entry navigation_id="emailBounceLog" parent_navigation_id="logsError" display_order="1100" link="logs/email-bounces" admin_permission_id="viewLogs" debug_only="0" development_only="0" hide_no_children="0"/>
  <admin_navigation_entry navigation_id="emailUsers" parent_navigation_id="contactUsers" display_order="200" link="users/email" admin_permission_id="user" debug_only="0" development_only="0" hide_no_children="0"/>
  <admin_navigation_entry navigation_id="executionManipulation" parent_navigation_id="development" display_order="3000" icon="fa-random" debug_only="0" development_only="0" hide_no_children="0"/>
  <admin_navigation_entry navigation_id="fileCheck" parent_navigation_id="checksAndTests" display_order="300" link="tools/file-check" debug_only="0" development_only="0" hide_no_children="0"/>
  <admin_navigation_entry navigation_id="forceAgreementPrivacy" parent_navigation_id="help" display_order="400" link="force-agreement/privacy-policy" admin_permission_id="option" debug_only="0" development_only="0" hide_no_children="0"/>
  <admin_navigation_entry navigation_id="forceAgreementTerms" parent_navigation_id="help" display_order="500" link="force-agreement/terms" admin_permission_id="option" debug_only="0" development_only="0" hide_no_children="0"/>
  <admin_navigation_entry navigation_id="forumNodePermissions" parent_navigation_id="forums" display_order="200" link="permissions/nodes" admin_permission_id="node" debug_only="0" development_only="0" hide_no_children="0"/>
  <admin_navigation_entry navigation_id="forums" display_order="400" link="forums" icon="fa-comments" debug_only="0" development_only="0" hide_no_children="1"/>
  <admin_navigation_entry navigation_id="groupsAndPermissions" display_order="10100" link="groups-permissions" icon="fa-users" debug_only="0" development_only="0" hide_no_children="1"/>
  <admin_navigation_entry navigation_id="help" parent_navigation_id="communication" display_order="3000" icon="fa-life-ring" admin_permission_id="help" debug_only="0" development_only="0" hide_no_children="1"/>
  <admin_navigation_entry navigation_id="helpPages" parent_navigation_id="help" display_order="300" link="help-pages" admin_permission_id="help" debug_only="0" development_only="0" hide_no_children="0"/>
  <admin_navigation_entry navigation_id="imageProxyLog" parent_navigation_id="logsContent" display_order="600" link="logs/image-proxy" admin_permission_id="viewLogs" debug_only="0" development_only="0" hide_no_children="0"/>
  <admin_navigation_entry navigation_id="importData" parent_navigation_id="dataMaintenance" display_order="400" link="import" admin_permission_id="import" debug_only="0" development_only="0" hide_no_children="0"/>
  <admin_navigation_entry navigation_id="languages" parent_navigation_id="languagesAndPhrases" display_order="100" link="languages" admin_permission_id="language" debug_only="0" development_only="0" hide_no_children="0"/>
  <admin_navigation_entry navigation_id="languagesAndPhrases" parent_navigation_id="appearance" display_order="900" icon="fa-language" debug_only="0" development_only="0" hide_no_children="1"/>
  <admin_navigation_entry navigation_id="linkProxyLog" parent_navigation_id="logsContent" display_order="700" link="logs/link-proxy" admin_permission_id="viewLogs" debug_only="0" development_only="0" hide_no_children="0"/>
  <admin_navigation_entry navigation_id="listAddOns" parent_navigation_id="addOns" display_order="100" link="add-ons" admin_permission_id="addOn" debug_only="0" development_only="0" hide_no_children="0"/>
  <admin_navigation_entry navigation_id="listAllUsers" parent_navigation_id="users" display_order="100" link="users/list" admin_permission_id="user" debug_only="0" development_only="0" hide_no_children="0"/>
  <admin_navigation_entry navigation_id="listReactions" parent_navigation_id="reactions" display_order="100" link="reactions" admin_permission_id="reaction" debug_only="0" development_only="0" hide_no_children="0"/>
  <admin_navigation_entry navigation_id="logSearch" parent_navigation_id="logs" display_order="15" link="logs/search" admin_permission_id="viewLogs" debug_only="0" development_only="0" hide_no_children="0"/>
  <admin_navigation_entry navigation_id="logs" display_order="15100" link="logs" icon="fa-history" debug_only="0" development_only="0" hide_no_children="1"/>
  <admin_navigation_entry navigation_id="logsContent" parent_navigation_id="logs" display_order="50" icon="fa-newspaper" debug_only="0" development_only="0" hide_no_children="1"/>
  <admin_navigation_entry navigation_id="logsError" parent_navigation_id="logs" display_order="20" icon="fa-exclamation-triangle" debug_only="0" development_only="0" hide_no_children="1"/>
  <admin_navigation_entry navigation_id="logsMisc" parent_navigation_id="logs" display_order="60" icon="fa-file" debug_only="0" development_only="0" hide_no_children="1"/>
  <admin_navigation_entry navigation_id="logsSpam" parent_navigation_id="logs" display_order="40" icon="fa-fire-extinguisher" debug_only="0" development_only="0" hide_no_children="1"/>
  <admin_navigation_entry navigation_id="logsUser" parent_navigation_id="logs" display_order="30" icon="fa-users" debug_only="0" development_only="0" hide_no_children="1"/>
  <admin_navigation_entry navigation_id="memberStats" parent_navigation_id="users" display_order="500" link="member-stats" admin_permission_id="user" debug_only="0" development_only="0" hide_no_children="0"/>
  <admin_navigation_entry navigation_id="messageUsers" parent_navigation_id="contactUsers" display_order="300" link="users/message" admin_permission_id="user" debug_only="0" development_only="0" hide_no_children="0"/>
  <admin_navigation_entry navigation_id="moderatorLog" parent_navigation_id="logsUser" display_order="300" link="logs/moderator" admin_permission_id="viewLogs" debug_only="0" development_only="0" hide_no_children="0"/>
  <admin_navigation_entry navigation_id="moderators" parent_navigation_id="usersStaff" display_order="500" link="moderators" admin_permission_id="user" debug_only="0" development_only="0" hide_no_children="0"/>
  <admin_navigation_entry navigation_id="navigation" parent_navigation_id="setupNavigation" display_order="200" link="navigation" admin_permission_id="navigation" debug_only="0" development_only="0" hide_no_children="0"/>
  <admin_navigation_entry navigation_id="nodePermissions" parent_navigation_id="permissions" display_order="300" link="permissions/nodes" admin_permission_id="node" debug_only="0" development_only="0" hide_no_children="0"/>
  <admin_navigation_entry navigation_id="nodes" parent_navigation_id="forums" display_order="100" link="nodes" admin_permission_id="node" debug_only="0" development_only="0" hide_no_children="0"/>
  <admin_navigation_entry navigation_id="notices" parent_navigation_id="communication" display_order="100" link="notices" admin_permission_id="notice" debug_only="0" development_only="0" hide_no_children="0"/>
  <admin_navigation_entry navigation_id="oAuthClients" parent_navigation_id="serviceProviders" display_order="600" link="oauth2/clients" admin_permission_id="oauth2" debug_only="0" development_only="0" hide_no_children="0"/>
  <admin_navigation_entry navigation_id="oEmbedLog" parent_navigation_id="logsContent" display_order="750" link="logs/oembed" admin_permission_id="viewLogs" debug_only="0" development_only="0" hide_no_children="0"/>
  <admin_navigation_entry navigation_id="options" parent_navigation_id="setup" display_order="100" link="options" admin_permission_id="option" debug_only="0" development_only="0" hide_no_children="0"/>
  <admin_navigation_entry navigation_id="outdatedPhrases" parent_navigation_id="languagesAndPhrases" display_order="400" link="phrases/outdated" admin_permission_id="language" debug_only="0" development_only="0" hide_no_children="0"/>
  <admin_navigation_entry navigation_id="outdatedTemplates" parent_navigation_id="stylesAndTemplates" display_order="500" link="templates/outdated" admin_permission_id="style" debug_only="0" development_only="0" hide_no_children="0"/>
  <admin_navigation_entry navigation_id="paymentProfiles" parent_navigation_id="serviceProviders" display_order="200" link="payment-profiles" admin_permission_id="payment" debug_only="0" development_only="0" hide_no_children="0"/>
  <admin_navigation_entry navigation_id="paymentProviderLog" parent_navigation_id="logsMisc" display_order="500" link="logs/payment-provider" admin_permission_id="viewLogs" debug_only="0" development_only="0" hide_no_children="0"/>
  <admin_navigation_entry navigation_id="permissionDefinitions" parent_navigation_id="devPermissions" display_order="1000" link="permission-definitions" debug_only="0" development_only="1" hide_no_children="0"/>
  <admin_navigation_entry navigation_id="permissions" parent_navigation_id="groupsAndPermissions" display_order="1000" icon="fa-ban" debug_only="0" development_only="0" hide_no_children="1"/>
  <admin_navigation_entry navigation_id="phrases" parent_navigation_id="languagesAndPhrases" display_order="200" link="phrases" admin_permission_id="language" debug_only="0" development_only="0" hide_no_children="0"/>
  <admin_navigation_entry navigation_id="pwa" parent_navigation_id="setup" display_order="105" link="pwa" admin_permission_id="option" debug_only="0" development_only="0" hide_no_children="0"/>
  <admin_navigation_entry navigation_id="qAndACaptcha" parent_navigation_id="setup" display_order="3000" link="captcha-questions" admin_permission_id="option" debug_only="0" development_only="0" hide_no_children="0"/>
  <admin_navigation_entry navigation_id="reactions" parent_navigation_id="content" display_order="500" icon="fa-thumbs-up" debug_only="0" development_only="0" hide_no_children="1"/>
  <admin_navigation_entry navigation_id="rebuildCaches" parent_navigation_id="dataMaintenance" display_order="500" link="tools/rebuild" admin_permission_id="rebuildCache" debug_only="0" development_only="0" hide_no_children="0"/>
  <admin_navigation_entry navigation_id="rejectedUserLog" parent_navigation_id="logsSpam" display_order="1200" link="logs/rejected-users" admin_permission_id="viewLogs" debug_only="0" development_only="0" hide_no_children="0"/>
  <admin_navigation_entry navigation_id="routeFilters" parent_navigation_id="setupNavigation" display_order="250" link="route-filters" admin_permission_id="option" debug_only="0" development_only="0" hide_no_children="0"/>
  <admin_navigation_entry navigation_id="routes" parent_navigation_id="devNavigation" display_order="500" link="routes" debug_only="0" development_only="1" hide_no_children="0"/>
  <admin_navigation_entry navigation_id="rssFeedImporter" parent_navigation_id="threadContent" display_order="100" link="feeds" admin_permission_id="thread" debug_only="0" development_only="0" hide_no_children="0"/>
  <admin_navigation_entry navigation_id="searchForUsers" parent_navigation_id="users" display_order="200" link="users/search" admin_permission_id="user" debug_only="0" development_only="0" hide_no_children="0"/>
  <admin_navigation_entry navigation_id="searchPhrases" parent_navigation_id="languagesAndPhrases" display_order="300" link="phrases/search" admin_permission_id="language" debug_only="0" development_only="0" hide_no_children="0"/>
  <admin_navigation_entry navigation_id="searchTemplates" parent_navigation_id="stylesAndTemplates" display_order="400" link="templates/search" admin_permission_id="style" debug_only="0" development_only="0" hide_no_children="0"/>
  <admin_navigation_entry navigation_id="serverErrorLog" parent_navigation_id="logsError" display_order="100" link="logs/server-errors" admin_permission_id="viewLogs" debug_only="0" development_only="0" hide_no_children="0"/>
  <admin_navigation_entry navigation_id="serviceProviders" parent_navigation_id="setup" display_order="2000" icon="fa-cogs" debug_only="0" development_only="0" hide_no_children="1"/>
  <admin_navigation_entry navigation_id="setup" display_order="100" link="setup" icon="fa-sliders-h" debug_only="0" development_only="0" hide_no_children="1"/>
  <admin_navigation_entry navigation_id="setupNavigation" parent_navigation_id="setup" display_order="1000" icon="fa-map-signs" debug_only="0" development_only="0" hide_no_children="1"/>
  <admin_navigation_entry navigation_id="sitemapLog" parent_navigation_id="logsMisc" display_order="1000" link="logs/sitemap" admin_permission_id="viewLogs" debug_only="0" development_only="0" hide_no_children="0"/>
  <admin_navigation_entry navigation_id="smilies" parent_navigation_id="content" display_order="100" link="smilies" admin_permission_id="bbCodeSmilie" debug_only="0" development_only="0" hide_no_children="0"/>
  <admin_navigation_entry navigation_id="spamCleanerLog" parent_navigation_id="logsSpam" display_order="900" link="logs/spam-cleaner" admin_permission_id="viewLogs" debug_only="0" development_only="0" hide_no_children="0"/>
  <admin_navigation_entry navigation_id="spamTriggerLog" parent_navigation_id="logsSpam" display_order="800" link="logs/spam-trigger" admin_permission_id="viewLogs" debug_only="0" development_only="0" hide_no_children="0"/>
  <admin_navigation_entry navigation_id="stats" parent_navigation_id="logs" display_order="10" link="stats" admin_permission_id="viewStatistics" debug_only="0" development_only="0" hide_no_children="0"/>
  <admin_navigation_entry navigation_id="styleProperties" parent_navigation_id="stylesAndTemplates" display_order="200" link="style-properties" admin_permission_id="style" debug_only="0" development_only="0" hide_no_children="0"/>
  <admin_navigation_entry navigation_id="styles" parent_navigation_id="stylesAndTemplates" display_order="100" link="styles" admin_permission_id="style" debug_only="0" development_only="0" hide_no_children="0"/>
  <admin_navigation_entry navigation_id="stylesAndTemplates" parent_navigation_id="appearance" display_order="800" icon="fa-object-group" debug_only="0" development_only="0" hide_no_children="1"/>
  <admin_navigation_entry navigation_id="tags" parent_navigation_id="content" display_order="300" link="tags" admin_permission_id="tags" debug_only="0" development_only="0" hide_no_children="0"/>
  <admin_navigation_entry navigation_id="templateModifications" parent_navigation_id="stylesAndTemplates" display_order="600" link="template-modifications" admin_permission_id="style" debug_only="0" development_only="0" hide_no_children="0"/>
  <admin_navigation_entry navigation_id="templates" parent_navigation_id="stylesAndTemplates" display_order="300" link="templates" admin_permission_id="style" debug_only="0" development_only="0" hide_no_children="0"/>
  <admin_navigation_entry navigation_id="testImageProxy" parent_navigation_id="checksAndTests" display_order="200" link="tools/test-image-proxy" debug_only="0" development_only="0" hide_no_children="0"/>
  <admin_navigation_entry navigation_id="testOutboundEmail" parent_navigation_id="checksAndTests" display_order="100" link="tools/test-email" debug_only="0" development_only="0" hide_no_children="0"/>
  <admin_navigation_entry navigation_id="testUrlUnfurling" parent_navigation_id="checksAndTests" display_order="50" link="tools/test-url-unfurling" debug_only="0" development_only="0" hide_no_children="0"/>
  <admin_navigation_entry navigation_id="threadContent" parent_navigation_id="forums" display_order="2000" icon="fa-comment-alt" debug_only="0" development_only="0" hide_no_children="1"/>
  <admin_navigation_entry navigation_id="threadFields" parent_navigation_id="threadProperties" display_order="200" link="custom-thread-fields" admin_permission_id="thread" debug_only="0" development_only="0" hide_no_children="0"/>
  <admin_navigation_entry navigation_id="threadPrefixes" parent_navigation_id="threadProperties" display_order="100" link="thread-prefixes" admin_permission_id="thread" debug_only="0" development_only="0" hide_no_children="0"/>
  <admin_navigation_entry navigation_id="threadPrompts" parent_navigation_id="threadProperties" display_order="300" link="thread-prompts" admin_permission_id="node" debug_only="0" development_only="0" hide_no_children="0"/>
  <admin_navigation_entry navigation_id="threadProperties" parent_navigation_id="forums" display_order="1000" icon="fa-tags" debug_only="0" development_only="0" hide_no_children="1"/>
  <admin_navigation_entry navigation_id="threadReplyBans" parent_navigation_id="forums" display_order="3000" link="threads/reply-bans" admin_permission_id="thread" debug_only="0" development_only="0" hide_no_children="0"/>
  <admin_navigation_entry navigation_id="tools" display_order="15000" link="tools" icon="fa-wrench" debug_only="0" development_only="0" hide_no_children="1"/>
  <admin_navigation_entry navigation_id="trophies" parent_navigation_id="userCustomization" display_order="200" link="trophies" admin_permission_id="trophy" debug_only="0" development_only="0" hide_no_children="0"/>
  <admin_navigation_entry navigation_id="twoStepProviders" parent_navigation_id="serviceProviders" display_order="400" link="two-step" admin_permission_id="user" debug_only="0" development_only="0" hide_no_children="0"/>
  <admin_navigation_entry navigation_id="upgradeCheck" parent_navigation_id="checksAndTests" display_order="400" link="tools/upgrade-check" admin_permission_id="upgradeXenForo" debug_only="0" development_only="0" hide_no_children="0"/>
  <admin_navigation_entry navigation_id="userChangeLog" parent_navigation_id="logsUser" display_order="200" link="logs/user-change" admin_permission_id="viewLogs" debug_only="0" development_only="0" hide_no_children="0"/>
  <admin_navigation_entry navigation_id="userCustomization" parent_navigation_id="users" display_order="2000" icon="fa-user-circle" debug_only="0" development_only="0" hide_no_children="1"/>
  <admin_navigation_entry navigation_id="userDiscipline" parent_navigation_id="users" display_order="3000" icon="fa-balance-scale" debug_only="0" development_only="0" hide_no_children="1"/>
  <admin_navigation_entry navigation_id="userFields" parent_navigation_id="userCustomization" display_order="100" link="custom-user-fields" admin_permission_id="userField" debug_only="0" development_only="0" hide_no_children="0"/>
  <admin_navigation_entry navigation_id="userGroupPermissions" parent_navigation_id="permissions" display_order="100" link="permissions/user-groups" admin_permission_id="userGroup" debug_only="0" development_only="0" hide_no_children="0"/>
  <admin_navigation_entry navigation_id="userGroupPromotions" parent_navigation_id="groupsAndPermissions" display_order="200" link="user-group-promotions" admin_permission_id="userGroup" debug_only="0" development_only="0" hide_no_children="0"/>
  <admin_navigation_entry navigation_id="userGroups" parent_navigation_id="groupsAndPermissions" display_order="100" link="user-groups" admin_permission_id="userGroup" debug_only="0" development_only="0" hide_no_children="0"/>
  <admin_navigation_entry navigation_id="userPermissions" parent_navigation_id="permissions" display_order="200" link="permissions/users" admin_permission_id="user" debug_only="0" development_only="0" hide_no_children="0"/>
  <admin_navigation_entry navigation_id="userTitleLadder" parent_navigation_id="userCustomization" display_order="300" link="user-title-ladder" admin_permission_id="user" debug_only="0" development_only="0" hide_no_children="0"/>
  <admin_navigation_entry navigation_id="userUpgrades" parent_navigation_id="userCustomization" display_order="500" link="user-upgrades" admin_permission_id="userUpgrade" debug_only="0" development_only="0" hide_no_children="0"/>
  <admin_navigation_entry navigation_id="userWarnings" parent_navigation_id="userDiscipline" display_order="100" link="warnings" admin_permission_id="warning" debug_only="0" development_only="0" hide_no_children="0"/>
  <admin_navigation_entry navigation_id="usernameChangeLog" parent_navigation_id="logsUser" display_order="210" link="logs/username-change" admin_permission_id="viewLogs" debug_only="0" development_only="0" hide_no_children="0"/>
  <admin_navigation_entry navigation_id="users" display_order="10000" link="users" icon="fa-user" debug_only="0" development_only="0" hide_no_children="1"/>
  <admin_navigation_entry navigation_id="usersStaff" parent_navigation_id="groupsAndPermissions" display_order="2000" icon="fa-shield" debug_only="0" development_only="0" hide_no_children="1"/>
  <admin_navigation_entry navigation_id="webhooks" parent_navigation_id="serviceProviders" display_order="600" link="webhooks" admin_permission_id="user" debug_only="0" development_only="0" hide_no_children="0"/>
  <admin_navigation_entry navigation_id="widgetDefinitions" parent_navigation_id="development" display_order="300" link="widgets/definitions/" admin_permission_id="widget" debug_only="0" development_only="1" hide_no_children="0"/>
  <admin_navigation_entry navigation_id="widgetPositions" parent_navigation_id="development" display_order="200" link="widgets/positions/" admin_permission_id="widget" debug_only="0" development_only="1" hide_no_children="0"/>
  <admin_navigation_entry navigation_id="widgets" parent_navigation_id="appearance" display_order="300" link="widgets" admin_permission_id="widget" debug_only="0" development_only="0" hide_no_children="0"/>
</admin_navigation>
